Nome,CPF
Agatha Costela,22563321003
Murilo Correia,49256750313
Ana Vitória Duarte,57725292088
Clara Fernandes,13318441342
Gustavo Fernandes,94335443561
Henrique Correia,54892236722
Kevin Rezende,68479422417
Bruna Castro,84431113822
Larissa Viana,78731817900
Maria Cecília Fernandes,62105245423
Helena da Rosa,23177173938
Luiza da Mata,2729393337
Maria Julia Farias,41503618742
Raul Costa,65190560485
Catarina da Mata,39653359369
Davi Lucca Correia,69983689361
Manuela Moreira,96606883114
André da Cunha,88245347989